﻿Sample_ID,Site_ID
Debug_010_aegypti_Bangkok_Thailand_02,BKK
Debug_010_aegypti_Bangkok_Thailand_03,BKK
Debug_010_aegypti_Bangkok_Thailand_04,BKK
Debug_010_aegypti_Bangkok_Thailand_05,BKK
Debug_010_aegypti_Bangkok_Thailand_07,BKK
Debug_010_aegypti_Bangkok_Thailand_08,BKK
Debug_010_aegypti_Bangkok_Thailand_09,BKK
Debug_010_aegypti_Bangkok_Thailand_10,BKK
Debug_010_aegypti_Bangkok_Thailand_11,BKK
Debug_010_aegypti_Bangkok_Thailand_13,BKK
Debug_010_aegypti_Bangkok_Thailand_16,BKK
Debug_010_aegypti_Bangkok_Thailand_17,BKK
Debug_010_aegypti_Bangkok_Thailand_18,BKK
Debug_010_aegypti_Bangkok_Thailand_19,BKK
Debug_010_aegypti_Bangkok_Thailand_20,BKK
Debug015_aegypti_Santarem_Brazil_L_10,SAN
Debug015_aegypti_Santarem_Brazil_L_11,SAN
Debug015_aegypti_Santarem_Brazil_L_12,SAN
Debug015_aegypti_Santarem_Brazil_L_13,SAN
Debug015_aegypti_Santarem_Brazil_L_15,SAN
Debug015_aegypti_Santarem_Brazil_L_17,SAN
Debug015_aegypti_Santarem_Brazil_L_1,SAN
Debug015_aegypti_Santarem_Brazil_L_2,SAN
Debug015_aegypti_Santarem_Brazil_L_3,SAN
Debug015_aegypti_Santarem_Brazil_L_4,SAN
Debug015_aegypti_Santarem_Brazil_L_5,SAN
Debug015_aegypti_Santarem_Brazil_L_6,SAN
Debug015_aegypti_Santarem_Brazil_L_7,SAN
Debug015_aegypti_Santarem_Brazil_L_8,SAN
Debug017_aegypti_Rabai_Kenya_2011_F_14,RABd
Debug021_aegypti_Bangr_Ouaga_Burkina_Faso_F_1,BGR
Debug021_aegypti_Gound_Ouaga_Burkina_Faso_F_2,GOU
Debug021_aegypti_LG_Ouaga_Burkina_Faso_F_10,OGD
Debug021_aegypti_LG_Ouaga_Burkina_Faso_F_11,OGD
Debug021_aegypti_LG_Ouaga_Burkina_Faso_F_12,OGD
Debug021_aegypti_LG_Ouaga_Burkina_Faso_F_13,OGD
Debug021_aegypti_LG_Ouaga_Burkina_Faso_F_14,OGD
Debug021_aegypti_LG_Ouaga_Burkina_Faso_F_15,OGD
Debug021_aegypti_LG_Ouaga_Burkina_Faso_F_18,OGD
Debug021_aegypti_LG_Ouaga_Burkina_Faso_F_19,OGD
Debug021_aegypti_LG_Ouaga_Burkina_Faso_F_9,OGD
Debug021_aegypti_Tab_Ouaga_Burkina_Faso_F_17,OGD
Debug021_aegypti_Tab_Ouaga_Burkina_Faso_F_20,OGD
Debug021_aegypti_Tab_Ouaga_Burkina_Faso_F_3,OGD
Debug021_aegypti_Tab_Ouaga_Burkina_Faso_F_6,OGD
Debug021_aegypti_Tab_Ouaga_Burkina_Faso_F_7,OGD
Debug021_aegypti_Tab_Ouaga_Burkina_Faso_F_8,OGD
Debug023_aegypti_Ouahigouya_BurkinaFaso_F_11,OHI
Debug023_aegypti_Ouahigouya_BurkinaFaso_F_13,OHI
Debug023_aegypti_Ouahigouya_BurkinaFaso_F_14,OHI
Debug023_aegypti_Ouahigouya_BurkinaFaso_F_16,OHI
Debug023_aegypti_Ouahigouya_BurkinaFaso_F_17,OHI
Debug023_aegypti_Ouahigouya_BurkinaFaso_F_2,OHI
Debug023_aegypti_Ouahigouya_BurkinaFaso_F_4,OHI
Debug023_aegypti_Ouahigouya_BurkinaFaso_F_5,OHI
Debug023_aegypti_Ouahigouya_BurkinaFaso_F_9,OHI
Debug023_aegypti_Ouahigouya_BurkinaFaso_M_10,OHI
Debug023_aegypti_Ouahigouya_BurkinaFaso_M_12,OHI
Debug023_aegypti_Ouahigouya_BurkinaFaso_M_15,OHI
Debug023_aegypti_Ouahigouya_BurkinaFaso_M_7,OHI
Debug017_aegypti_Franceville_Gabon_F_11,FCV
Debug017_aegypti_Franceville_Gabon_F_12,FCV
Debug017_aegypti_Franceville_Gabon_F_1,FCV
Debug017_aegypti_Franceville_Gabon_F_2,FCV
Debug017_aegypti_Franceville_Gabon_F_4,FCV
Debug017_aegypti_Franceville_Gabon_F_5,FCV
Debug017_aegypti_Franceville_Gabon_F_6,FCV
Debug017_aegypti_Franceville_Gabon_F_8,FCV
Debug017_aegypti_Franceville_Gabon_F_9,FCV
Debug017_aegypti_Franceville_Gabon_M_10,FCV
Debug017_aegypti_Franceville_Gabon_M_13,FCV
Debug017_aegypti_Franceville_Gabon_M_7,FCV
Debug017_aegypti_Libreville_Gabon_F_10,LBV
Debug017_aegypti_Libreville_Gabon_F_11,LBV
Debug017_aegypti_Libreville_Gabon_F_12,LBV
Debug017_aegypti_Libreville_Gabon_F_14,LBV
Debug017_aegypti_Libreville_Gabon_F_1,LBV
Debug017_aegypti_Libreville_Gabon_F_2,LBV
Debug017_aegypti_Libreville_Gabon_F_4,LBV
Debug017_aegypti_Libreville_Gabon_F_5,LBV
Debug017_aegypti_Libreville_Gabon_F_6,LBV
Debug017_aegypti_Libreville_Gabon_F_7,LBV
Debug017_aegypti_Libreville_Gabon_M_9,LBV
Debug017_aegypti_LopeVillage_Gabon_F_15,LPV
Debug017_aegypti_LopeVillage_Gabon_F_1,LPV
Debug017_aegypti_LopeVillage_Gabon_F_2,LPV
Debug017_aegypti_LopeVillage_Gabon_F_3,LPV
Debug017_aegypti_LopeVillage_Gabon_F_4,LPV
Debug017_aegypti_LopeVillage_Gabon_F_5,LPV
Debug017_aegypti_LopeVillage_Gabon_F_6,LPV
Debug017_aegypti_LopeVillage_Gabon_F_7,LPV
Debug017_aegypti_LopeVillage_Gabon_F_8,LPV
Debug017_aegypti_LopeVillage_Gabon_F_9,LPV
Debug017_aegypti_LopeVillage_Gabon_M_10,LPV
Debug017_aegypti_LopeVillage_Gabon_M_12,LPV
Debug017_aegypti_LopeVillage_Gabon_M_13,LPV
Debug017_aegypti_LopeVillage_Gabon_M_14,LPV
Debug023_aegypti_BoabengFiema_Ghana_F_1,BOA
Debug023_aegypti_BoabengFiema_Ghana_F_2,BOA
Debug023_aegypti_Kintampo_Ghana_F_11,KIN
Debug023_aegypti_Kintampo_Ghana_F_12,KIN
Debug023_aegypti_Kintampo_Ghana_F_15,KIN
Debug023_aegypti_Kintampo_Ghana_F_16,KIN
Debug023_aegypti_Kintampo_Ghana_F_17,KIN
Debug023_aegypti_Kintampo_Ghana_F_20,KIN
Debug023_aegypti_Kintampo_Ghana_F_3,KIN
Debug023_aegypti_Kintampo_Ghana_F_4,KIN
Debug023_aegypti_Kintampo_Ghana_F_7,KIN
Debug023_aegypti_Kintampo_Ghana_F_9,KIN
Debug023_aegypti_Kintampo_Ghana_M_10,KIN
Debug023_aegypti_Kintampo_Ghana_M_13,KIN
Debug023_aegypti_Kintampo_Ghana_M_14,KIN
Debug023_aegypti_Kintampo_Ghana_M_18,KIN
Debug023_aegypti_Kintampo_Ghana_M_19,KIN
Debug023_aegypti_Kintampo_Ghana_M_1,KIN
Debug023_aegypti_Kintampo_Ghana_M_2,KIN
Debug023_aegypti_Kintampo_Ghana_M_5,KIN
Debug023_aegypti_Kintampo_Ghana_M_6,KIN
Debug023_aegypti_Kumasi_Ghana_F_11,KUM
Debug023_aegypti_Kumasi_Ghana_F_14,KUM
Debug023_aegypti_Kumasi_Ghana_F_16,KUM
Debug023_aegypti_Kumasi_Ghana_F_18,KUM
Debug023_aegypti_Kumasi_Ghana_F_19,KUM
Debug023_aegypti_Kumasi_Ghana_F_20,KUM
Debug023_aegypti_Kumasi_Ghana_F_2,KUM
Debug023_aegypti_Kumasi_Ghana_F_6,KUM
Debug023_aegypti_Kumasi_Ghana_F_9,KUM
Debug023_aegypti_Kumasi_Ghana_M_10,KUM
Debug023_aegypti_Kumasi_Ghana_M_12,KUM
Debug023_aegypti_Kumasi_Ghana_M_13,KUM
Debug023_aegypti_Kumasi_Ghana_M_15,KUM
Debug023_aegypti_Kumasi_Ghana_M_17,KUM
Debug023_aegypti_Kumasi_Ghana_M_1,KUM
Debug023_aegypti_Kumasi_Ghana_M_3,KUM
Debug023_aegypti_Kumasi_Ghana_M_5,KUM
Debug023_aegypti_Kumasi_Ghana_M_7,KUM
Debug023_aegypti_Kumasi_Ghana_M_8,KUM
Debug011_aegypti_Arabuko_Kenya_01,ABK
Debug011_aegypti_Arabuko_Kenya_02,ABK
Debug011_aegypti_Arabuko_Kenya_03,ABK
Debug011_aegypti_Arabuko_Kenya_04,ABK
Debug011_aegypti_Arabuko_Kenya_05,ABK
Debug011_aegypti_Arabuko_Kenya_07,ABK
Debug011_aegypti_Arabuko_Kenya_08,ABK
Debug011_aegypti_Arabuko_Kenya_09,ABK
Debug011_aegypti_Arabuko_Kenya_10,ABK
Debug011_aegypti_Arabuko_Kenya_11,ABK
Debug011_aegypti_Arabuko_Kenya_12,ABK
Debug011_aegypti_Arabuko_Kenya_13,ABK
Debug011_aegypti_Arabuko_Kenya_14,ABK
Debug011_aegypti_Arabuko_Kenya_15,ABK
Debug011_aegypti_Arabuko_Kenya_16,ABK
Debug011_aegypti_Arabuko_Kenya_17,ABK
Debug011_aegypti_Arabuko_Kenya_18,ABK
Debug011_aegypti_Arabuko_Kenya_19,ABK
Debug011_aegypti_Ganda_Kenya_01,GND
Debug011_aegypti_Ganda_Kenya_02,GND
Debug011_aegypti_Ganda_Kenya_07,GND
Debug011_aegypti_Ganda_Kenya_08,GND
Debug011_aegypti_Ganda_Kenya_10,GND
Debug011_aegypti_Ganda_Kenya_14,GND
Debug011_aegypti_Ganda_Kenya_17,GND
Debug011_aegypti_Ganda_Kenya_20,GND
Debug011_aegypti_Kakamega_Kenya_01,KAK
Debug011_aegypti_Kakamega_Kenya_02,KAK
Debug011_aegypti_Kakamega_Kenya_03,KAK
Debug011_aegypti_Kakamega_Kenya_04,KAK
Debug011_aegypti_Kakamega_Kenya_05,KAK
Debug011_aegypti_Kakamega_Kenya_06,KAK
Debug011_aegypti_Kakamega_Kenya_09,KAK
Debug011_aegypti_Kakamega_Kenya_10,KAK
Debug011_aegypti_Kakamega_Kenya_11,KAK
Debug011_aegypti_Kakamega_Kenya_12,KAK
Debug011_aegypti_Kakamega_Kenya_13,KAK
Debug011_aegypti_Kakamega_Kenya_16,KAK
Debug011_aegypti_Kakamega_Kenya_17,KAK
Debug011_aegypti_Kakamega_Kenya_18,KAK
Debug011_aegypti_KayaBomu_Kenya_01,KBO
Debug011_aegypti_KayaBomu_Kenya_03,KBO
Debug011_aegypti_KayaBomu_Kenya_06,KBO
Debug011_aegypti_KayaBomu_Kenya_07,KBO
Debug011_aegypti_KayaBomu_Kenya_09,KBO
Debug011_aegypti_KayaBomu_Kenya_12,KBO
Debug011_aegypti_KayaBomu_Kenya_14,KBO
Debug011_aegypti_KayaBomu_Kenya_19,KBO
Debug011_aegypti_KayaBomu_Kenya_28,KBO
Debug012_aegypti_KayaBomu_Kenya_32,KBO
Debug012_aegypti_KayaBomu_Kenya_34,KBO
Debug012_aegypti_KayaBomu_Kenya_36,KBO
Debug012_aegypti_KayaBomu_Kenya_37,KBO
Debug012_aegypti_KayaBomu_Kenya_38,KBO
Debug012_aegypti_KayaBomu_Kenya_39,KBO
Debug012_aegypti_KayaBomu_Kenya_40,KBO
Debug012_aegypti_Kwale_Kenya_01,KWA
Debug012_aegypti_Kwale_Kenya_06,KWA
Debug012_aegypti_Kwale_Kenya_10,KWA
Debug012_aegypti_Kwale_Kenya_11,KWA
Debug012_aegypti_Kwale_Kenya_13,KWA
Debug012_aegypti_Kwale_Kenya_16,KWA
Debug012_aegypti_Kwale_Kenya_17,KWA
Debug012_aegypti_Kwale_Kenya_22,KWA
Debug012_aegypti_Kwale_Kenya_23,KWA
Debug012_aegypti_Kwale_Kenya_28,KWA
Debug012_aegypti_Kwale_Kenya_29,KWA
Debug012_aegypti_Kwale_Kenya_33,KWA
Debug012_aegypti_Kwale_Kenya_34,KWA
Debug012_aegypti_Kwale_Kenya_35,KWA
Debug012_aegypti_Rabai_Kenya_01,RAB
Debug012_aegypti_Rabai_Kenya_02,RAB
Debug012_aegypti_Rabai_Kenya_03,RAB
Debug012_aegypti_Rabai_Kenya_04,RAB
Debug012_aegypti_Rabai_Kenya_05,RAB
Debug012_aegypti_Rabai_Kenya_08,RAB
Debug012_aegypti_Rabai_Kenya_09,RAB
Debug012_aegypti_Rabai_Kenya_12,RAB
Debug012_aegypti_Rabai_Kenya_13,RAB
Debug012_aegypti_Rabai_Kenya_16,RAB
Debug012_aegypti_Rabai_Kenya_17,RAB
Debug012_aegypti_Rabai_Kenya_20,RAB
Debug012_aegypti_Rabai_Kenya_21,RAB
Debug012_aegypti_Rabai_Kenya_24,RAB
Debug012_aegypti_Rabai_Kenya_25,RAB
Debug012_aegypti_Rabai_Kenya_28,RAB
Debug012_aegypti_Rabai_Kenya_29,RAB
Debug012_aegypti_Rabai_Kenya_33,RAB
Debug012_aegypti_ShimbaHills_Kenya_01,SHM
Debug012_aegypti_ShimbaHills_Kenya_02,SHM
Debug012_aegypti_ShimbaHills_Kenya_07,SHM
Debug012_aegypti_ShimbaHills_Kenya_09,SHM
Debug012_aegypti_ShimbaHills_Kenya_12,SHM
Debug013_aegypti_Virhembe_Kenya_01,VMB
Debug013_aegypti_Virhembe_Kenya_02,VMB
Debug013_aegypti_Virhembe_Kenya_03,VMB
Debug013_aegypti_Virhembe_Kenya_04,VMB
Debug013_aegypti_Virhembe_Kenya_05,VMB
Debug013_aegypti_Virhembe_Kenya_07,VMB
Debug013_aegypti_Virhembe_Kenya_08,VMB
Debug013_aegypti_Virhembe_Kenya_09,VMB
Debug013_aegypti_Virhembe_Kenya_17,VMB
Debug013_aegypti_Virhembe_Kenya_18,VMB
Debug014_aegypti_Kwale_Kenya_36,KWA
Debug014_aegypti_Kwale_Kenya_37,KWA
Debug014_aegypti_Kwale_Kenya_38,KWA
Debug014_aegypti_Kwale_Kenya_39,KWA
Debug014_aegypti_Kwale_Kenya_40,KWA
Debug014_aegypti_ShimbaHills_Kenya_23,SHM
Debug014_aegypti_ShimbaHills_Kenya_24,SHM
Debug017_aegypti_Rabai_Kenya_2009_F_10,RABaaf
Debug017_aegypti_Rabai_Kenya_2009_F_11,RABd
Debug017_aegypti_Rabai_Kenya_2009_F_12,RABd
Debug017_aegypti_Rabai_Kenya_2009_F_1,RABd
Debug017_aegypti_Rabai_Kenya_2009_F_2,RABd
Debug017_aegypti_Rabai_Kenya_2009_F_3,RABd
Debug017_aegypti_Rabai_Kenya_2009_F_9,RABd
Debug017_aegypti_Rabai_Kenya_2009_M_6,RABd
Debug017_aegypti_Rabai_Kenya_2009_M_8,RABd
Debug02-SEQ-10172017-masc-Port_Louis-Mauritius-1,MASC
Debug02-SEQ-10172017-masc-Port_Louis-Mauritius-2,MASC
Debug02-SEQ-10172017-masc-Port_Louis-Mauritius-3,MASC
Debug02-SEQ-10172017-masc-Port_Louis-Mauritius-4,MASC
Debug023_aegypti_Awka_Nigeria_F_11,AWK
Debug023_aegypti_Awka_Nigeria_F_13,AWK
Debug023_aegypti_Awka_Nigeria_F_16,AWK
Debug023_aegypti_Awka_Nigeria_F_1,AWK
Debug023_aegypti_Awka_Nigeria_F_20,AWK
Debug023_aegypti_Awka_Nigeria_F_3,AWK
Debug023_aegypti_Awka_Nigeria_F_5,AWK
Debug023_aegypti_Awka_Nigeria_F_6,AWK
Debug023_aegypti_Awka_Nigeria_F_9,AWK
Debug023_aegypti_Awka_Nigeria_M_10,AWK
Debug023_aegypti_Awka_Nigeria_M_12,AWK
Debug023_aegypti_Awka_Nigeria_M_14,AWK
Debug023_aegypti_Awka_Nigeria_M_15,AWK
Debug023_aegypti_Awka_Nigeria_M_17,AWK
Debug023_aegypti_Awka_Nigeria_M_18,AWK
Debug023_aegypti_Awka_Nigeria_M_2,AWK
Debug023_aegypti_Awka_Nigeria_M_4,AWK
Debug023_aegypti_Awka_Nigeria_M_7,AWK
Debug023_aegypti_Awka_Nigeria_M_8,AWK
Debug023_aegypti_Bantata_Senegal_F_11,BTT
Debug023_aegypti_Bantata_Senegal_F_1,BTT
Debug023_aegypti_Bantata_Senegal_F_2,BTT
Debug023_aegypti_Bantata_Senegal_F_3,BTT
Debug023_aegypti_Bantata_Senegal_F_4,BTT
Debug023_aegypti_Bantata_Senegal_F_5,BTT
Debug023_aegypti_Bantata_Senegal_M_10,BTT
Debug023_aegypti_Bantata_Senegal_M_6,BTT
Debug023_aegypti_Bantata_Senegal_M_7,BTT
Debug023_aegypti_Bantata_Senegal_M_8,BTT
Debug023_aegypti_Bantata_Senegal_M_9,BTT
Debug023_aegypti_Thies_Senegal_F_1,THI
Debug023_aegypti_Thies_Senegal_M_2,THI
Debug023_aegypti_Thies_Senegal_M_4,THI
Debug023_aegypti_Thies_Senegal_M_5,THI
Debug024_aegypti_Kedougou_Senegal_F_12,KED
Debug024_aegypti_Kedougou_Senegal_F_13,KED
Debug024_aegypti_Kedougou_Senegal_F_15,KED
Debug024_aegypti_Kedougou_Senegal_F_19,KED
Debug024_aegypti_Kedougou_Senegal_F_1,KED
Debug024_aegypti_Kedougou_Senegal_F_3,KED
Debug024_aegypti_Kedougou_Senegal_F_5,KED
Debug024_aegypti_Kedougou_Senegal_F_7,KED
Debug024_aegypti_Kedougou_Senegal_F_8,KED
Debug024_aegypti_Kedougou_Senegal_M_10,KED
Debug024_aegypti_Kedougou_Senegal_M_11,KED
Debug024_aegypti_Kedougou_Senegal_M_14,KED
Debug024_aegypti_Kedougou_Senegal_M_16,KED
Debug024_aegypti_Kedougou_Senegal_M_17,KED
Debug024_aegypti_Kedougou_Senegal_M_20,KED
Debug024_aegypti_Kedougou_Senegal_M_2,KED
Debug024_aegypti_Kedougou_Senegal_M_4,KED
Debug024_aegypti_Kedougou_Senegal_M_6,KED
Debug024_aegypti_Kedougou_Senegal_M_9,KED
Debug024_aegypti_Mindin_Senegal_F_10,MIN
Debug024_aegypti_Mindin_Senegal_F_12,MIN
Debug024_aegypti_Mindin_Senegal_F_14,MIN
Debug024_aegypti_Mindin_Senegal_F_15,MIN
Debug024_aegypti_Mindin_Senegal_F_17,MIN
Debug024_aegypti_Mindin_Senegal_F_19,MIN
Debug024_aegypti_Mindin_Senegal_F_2,MIN
Debug024_aegypti_Mindin_Senegal_F_3,MIN
Debug024_aegypti_Mindin_Senegal_F_6,MIN
Debug024_aegypti_Mindin_Senegal_F_8,MIN
Debug024_aegypti_Mindin_Senegal_M_11,MIN
Debug024_aegypti_Mindin_Senegal_M_13,MIN
Debug024_aegypti_Mindin_Senegal_M_16,MIN
Debug024_aegypti_Mindin_Senegal_M_18,MIN
Debug024_aegypti_Mindin_Senegal_M_1,MIN
Debug024_aegypti_Mindin_Senegal_M_20,MIN
Debug024_aegypti_Mindin_Senegal_M_4,MIN
Debug024_aegypti_Mindin_Senegal_M_5,MIN
Debug024_aegypti_Mindin_Senegal_M_7,MIN
Debug024_aegypti_Ngoye_Senegal_F_10,NGO
Debug024_aegypti_Ngoye_Senegal_F_11,NGO
Debug024_aegypti_Ngoye_Senegal_F_12,NGO
Debug024_aegypti_Ngoye_Senegal_F_16,NGO
Debug024_aegypti_Ngoye_Senegal_F_1,NGO
Debug024_aegypti_Ngoye_Senegal_F_20,NGO
Debug024_aegypti_Ngoye_Senegal_F_3,NGO
Debug024_aegypti_Ngoye_Senegal_F_8,NGO
Debug024_aegypti_Ngoye_Senegal_M_13,NGO
Debug024_aegypti_Ngoye_Senegal_M_14,NGO
Debug024_aegypti_Ngoye_Senegal_M_15,NGO
Debug024_aegypti_Ngoye_Senegal_M_17,NGO
Debug024_aegypti_Ngoye_Senegal_M_18,NGO
Debug024_aegypti_Ngoye_Senegal_M_6,NGO
Debug024_aegypti_Ngoye_Senegal_M_9,NGO
Debug024_aegypti_PK10_Senegal_F_10,PKT
Debug024_aegypti_PK10_Senegal_F_12,PKT
Debug024_aegypti_PK10_Senegal_F_14,PKT
Debug024_aegypti_PK10_Senegal_F_15,PKT
Debug024_aegypti_PK10_Senegal_F_17,PKT
Debug024_aegypti_PK10_Senegal_F_19,PKT
Debug024_aegypti_PK10_Senegal_F_1,PKT
Debug024_aegypti_PK10_Senegal_F_3,PKT
Debug024_aegypti_PK10_Senegal_F_5,PKT
Debug024_aegypti_PK10_Senegal_F_8,PKT
Debug024_aegypti_PK10_Senegal_M_11,PKT
Debug024_aegypti_PK10_Senegal_M_13,PKT
Debug024_aegypti_PK10_Senegal_M_16,PKT
Debug024_aegypti_PK10_Senegal_M_18,PKT
Debug024_aegypti_PK10_Senegal_M_20,PKT
Debug024_aegypti_PK10_Senegal_M_2,PKT
Debug024_aegypti_PK10_Senegal_M_4,PKT
Debug024_aegypti_PK10_Senegal_M_7,PKT
Debug024_aegypti_Thies_Senegal_F_12,THI
Debug024_aegypti_Thies_Senegal_F_17,THI
Debug024_aegypti_Thies_Senegal_F_6,THI
Debug024_aegypti_Thies_Senegal_F_7,THI
Debug024_aegypti_Thies_Senegal_M_18,THI
Debug024_aegypti_Thies_Senegal_M_19,THI
Debug024_aegypti_Thies_Senegal_M_20,THI
Debug013_aegypti_Bundibugyo_Uganda_01,BUN
Debug013_aegypti_Bundibugyo_Uganda_02,BUN
Debug013_aegypti_Bundibugyo_Uganda_03,BUN
Debug013_aegypti_Bundibugyo_Uganda_09,BUN
Debug013_aegypti_Bundibugyo_Uganda_11,BUN
Debug013_aegypti_Kichwamba_Uganda_01,KCH
Debug013_aegypti_Kichwamba_Uganda_06,KCH
Debug013_aegypti_Kichwamba_Uganda_07,KCH
Debug014_aegpyti_Karenga_Uganda_01,KAR
Debug014_aegpyti_Karenga_Uganda_02,KAR
Debug014_aegypti_Entebbe_Uganda_01,ENT
Debug014_aegypti_Entebbe_Uganda_02,ENT
Debug014_aegypti_Entebbe_Uganda_10,ENT
Debug014_aegypti_Entebbe_Uganda_14,ENT
Debug014_aegypti_Entebbe_Uganda_15,ENT
Debug014_aegypti_Entebbe_Uganda_20,ENT
Debug014_aegypti_Entebbe_Uganda_21,ENT
Debug014_aegypti_Entebbe_Uganda_23,ENT
Debug014_aegypti_Entebbe_Uganda_24,ENT
Debug014_aegypti_Kichwamba_Uganda_14,KCH